discussion_id;link;link_place;link_type
3841;https://github.com/TanStack/react-table/blob/2fb46f6da60f473d38b86668d244c8df822a2dd7/packages/solid-table/src/index.tsx#L30;main;code
3880;https://github.com/TanStack/react-table/blob/alpha/examples/sorting/src/main.tsx;main;code
3753;https://github.com/TanStack/react-table/blob/alpha/packages/react-table/src/features/withColumnResizing.oldts#L255;main;code
3849;https://github.com/TanStack/react-table/blob/alpha/packages/table-core/src/core.tsx#L334;main;code
3824;https://github.com/TanStack/react-table/blob/bd8e89abb35be7c1a4daf51fa2c0b97f3b8c8737/packages/table-core/src/createTable.tsx#L37;comment;code
3822;https://github.com/TanStack/react-table/blob/bd8e89abb35be7c1a4daf51fa2c0b97f3b8c8737/packages/table-core/src/features/Pagination.ts#L189;comment;code
3784;https://github.com/TanStack/react-table/blob/f10003b398be44d2f85e94874b7c8d307b464754/packages/table-core/src/createTable.tsx#L46;comment;code
3781;https://github.com/TanStack/react-table/blob/v7/examples/full-width-resizable-table/src/App.js;main;code
2859;https://github.com/TanStack/react-table/blob/v7/src/filterTypes.js;comment;code
3849;https://github.com/TanStack/react-table/blob/v7/src/utils.js#L42;main;code
3868;https://github.com/TanStack/react-table/blob/v8.0.0-alpha.58/examples/filters/src/main.tsx;comment;code
3868;https://github.com/TanStack/react-table/blob/v8.0.0-alpha.58/packages/table-core/src/core.ts#L137;main;code
2033;https://github.com/TanStack/react-table/tree/alpha/examples/sorting;comment;code
3861;https://github.com/TanStack/react-table/files/8566394/DisplayDataAsHTML.txt;main;code
3052;https://github.com/TanStack/react-table/issues/101;main;issue
2648;https://github.com/TanStack/react-table/issues/1591;comment;issue
2729;https://github.com/TanStack/react-table/issues/1716;main;issue
2905;https://github.com/TanStack/react-table/issues/1739;comment;issue
2905;https://github.com/TanStack/react-table/issues/1739;comment;issue
2155;https://github.com/TanStack/react-table/issues/1739#issuecomment-582797514;comment;issue
2729;https://github.com/TanStack/react-table/issues/1758;main;issue
2189;https://github.com/TanStack/react-table/issues/1897#issuecomment-593175711;comment;issue
1989;https://github.com/TanStack/react-table/issues/2018;comment;issue
3256;https://github.com/TanStack/react-table/issues/2064;main;issue
3695;https://github.com/TanStack/react-table/issues/2064#issuecomment-623199018;comment;issue
3083;https://github.com/TanStack/react-table/issues/2171;main;issue
2670;https://github.com/TanStack/react-table/issues/2365;main;issue
2437;https://github.com/TanStack/react-table/issues/2397;main;issue
2775;https://github.com/TanStack/react-table/issues/2404;main;issue
2780;https://github.com/TanStack/react-table/issues/2404;main;issue
3639;https://github.com/TanStack/react-table/issues/2811#issuecomment-870839366;comment;issue
3175;https://github.com/TanStack/react-table/issues/3142;main;issue
2556;https://github.com/TanStack/react-table/issues/324;main;issue
3813;https://github.com/TanStack/react-table/issues/3399;comment;issue
3654;https://github.com/TanStack/react-table/issues/3636#issuecomment-1019040541;main;issue
3608;https://github.com/TanStack/react-table/issues/3749#issuecomment-1063230225;comment;issue
2551;https://github.com/TanStack/react-table/issues/44#issuecomment-618264857;main;issue
3667;https://github.com/TanStack/react-table/issues/495;main;issue
2840;https://github.com/TanStack/react-table/issues/622;main;issue
3237;https://github.com/TanStack/react-table/issues/98#issuecomment-300896281;main;issue
3849;https://github.com/TanStack/react-table/pull/3845;comment;pr
2577;https://github.com/TanStack/react-table/pull/2576;main;pr
2007;https://github.com/TanStack/react-table/pull/2013;comment;pr
2498;https://github.com/TanStack/react-table/pull/2461;comment;pr
2513;https://github.com/TanStack/react-table/pull/1941;comment;pr
2544;https://github.com/TanStack/react-table/pull/2461;comment;pr
2544;https://github.com/TanStack/react-table/pull/2461;comment;pr
2544;https://github.com/TanStack/react-table/pull/2461;comment;pr
2544;https://github.com/TanStack/react-table/pull/2461;comment;pr
2544;https://github.com/TanStack/react-table/pull/2461;comment;pr
2380;https://github.com/TanStack/react-table/pull/1962;comment;pr
2233;https://github.com/TanStack/react-table/pull/2534;comment;pr
1999;https://github.com/TanStack/react-table/discussions/2022;comment;discussion
3634;https://github.com/TanStack/react-table/discussions/2022;main;discussion
2033;https://github.com/TanStack/react-table/discussions/2068;comment;discussion
2151;https://github.com/TanStack/react-table/discussions/2126;comment;discussion
2155;https://github.com/TanStack/react-table/discussions/2155#discussioncomment-2635778;comment;discussion
3366;https://github.com/TanStack/react-table/discussions/2181;comment;discussion
2182;https://github.com/TanStack/react-table/discussions/2182#discussioncomment-6210;comment;discussion
2804;https://github.com/TanStack/react-table/discussions/2211;comment;discussion
3634;https://github.com/TanStack/react-table/discussions/2227;main;discussion
2047;https://github.com/TanStack/react-table/discussions/2253;comment;discussion
2295;https://github.com/TanStack/react-table/discussions/2295#discussioncomment-16960;comment;discussion
2295;https://github.com/TanStack/react-table/discussions/2295#discussioncomment-17032;comment;discussion
2295;https://github.com/TanStack/react-table/discussions/2295#discussioncomment-17032;comment;discussion
2290;https://github.com/TanStack/react-table/discussions/2350;comment;discussion
2421;https://github.com/TanStack/react-table/discussions/2421;main;discussion
2498;https://github.com/TanStack/react-table/discussions/2498;comment;discussion
3052;https://github.com/TanStack/react-table/discussions/2510;comment;discussion
2544;https://github.com/TanStack/react-table/discussions/2544#discussioncomment-38612;comment;discussion
2544;https://github.com/TanStack/react-table/discussions/2544#discussioncomment-38612;comment;discussion
2544;https://github.com/TanStack/react-table/discussions/2544#discussioncomment-38650;comment;discussion
2547;https://github.com/TanStack/react-table/discussions/2547;comment;discussion
2208;https://github.com/TanStack/react-table/discussions/2587;comment;discussion
3634;https://github.com/TanStack/react-table/discussions/2607;main;discussion
2766;https://github.com/TanStack/react-table/discussions/2664;main;discussion
2664;https://github.com/TanStack/react-table/discussions/2664#discussioncomment-1015080;comment;discussion
2664;https://github.com/TanStack/react-table/discussions/2664#discussioncomment-1194920;comment;discussion
2804;https://github.com/TanStack/react-table/discussions/2831;comment;discussion
3634;https://github.com/TanStack/react-table/discussions/2913;main;discussion
2924;https://github.com/TanStack/react-table/discussions/2924;comment;discussion
3455;https://github.com/TanStack/react-table/discussions/3054;comment;discussion
3527;https://github.com/TanStack/react-table/discussions/3507;main;discussion
3683;https://github.com/TanStack/react-table/discussions/3683#discussioncomment-2105387;comment;discussion
3824;https://github.com/TanStack/react-table/discussions/3818;main;discussion
2162;https://github.com/tannerlinsley;comment;@_mention
2189;https://github.com/npomfret;comment;@_mention
2189;https://github.com/npomfret;comment;@_mention
2189;https://github.com/efriandika;comment;@_mention
2571;https://github.com/JensMeire;comment;@_mention
2773;https://github.com/tannerlinsley;comment;@_mention
3257;https://github.com/tannerlinsley;comment;@_mention
3068;https://github.com/nleroy917;comment;@_mention
3068;https://github.com/nleroy917;comment;@_mention
3068;https://github.com/vitalikda;comment;@_mention
3068;https://github.com/u121;comment;@_mention
2821;https://github.com/tannerlinsley;comment;@_mention
2821;https://github.com/gary-menzel;comment;@_mention
3256;https://github.com/tannerlinsley;comment;@_mention
2212;https://github.com/kev946;comment;@_mention
3520;https://github.com/tannerlinsley;comment;@_mention
3520;https://github.com/mohdasim8025;comment;@_mention
3520;https://github.com/tannerlinsley;comment;@_mention
2428;https://github.com/dsoffiantini;comment;@_mention
2429;https://github.com/tannerlinsley;comment;@_mention
2993;https://github.com/akamittal;comment;@_mention
2549;https://github.com/tannerlinsley;comment;@_mention
2549;https://github.com/gargroh;comment;@_mention
2211;https://github.com/tannerlinsley;comment;@_mention
2211;https://github.com/tyre;comment;@_mention
2007;https://github.com/tannerlinsley;comment;@_mention
2991;https://github.com/tannerlinsley;main;@_mention
2371;https://github.com/Zertz;comment;@_mention
2371;https://github.com/Zertz;comment;@_mention
3721;https://github.com/tannerlinsley;main;@_mention
3090;https://github.com/SmashPlusUltra;comment;@_mention
2827;https://github.com/dls01;comment;@_mention
2827;https://github.com/Lonolf;comment;@_mention
3244;https://github.com/wesokuhara;comment;@_mention
3244;https://github.com/rossthedevigner;comment;@_mention
2953;https://github.com/automatedmachine;comment;@_mention
2953;https://github.com/WeiTangLau;comment;@_mention
2562;https://github.com/sumitkr003;comment;@_mention
2562;https://github.com/vladifel;comment;@_mention
2562;https://github.com/vladifel;comment;@_mention
2288;https://github.com/BrianMitchL;comment;@_mention
1971;https://github.com/tannerlinsley;comment;@_mention
1971;https://github.com/stephyswe;comment;@_mention
2868;https://github.com/frofro1979;comment;@_mention
2471;https://github.com/tannerlinsley;main;@_mention
3784;https://github.com/tannerlinsley;main;@_mention
3784;https://github.com/tannerlinsley;main;@_mention
2882;https://github.com/ts-expect-error;comment;@_mention
2048;https://github.com/edsinclair;comment;@_mention
1970;https://github.com/jaworek;comment;@_mention
1970;https://github.com/nbar1;comment;@_mention
2289;https://github.com/tannerlinsley;comment;@_mention
2262;https://github.com/tannerlinsley;comment;@_mention
2262;https://github.com/XanMK3;comment;@_mention
2262;https://github.com/ifen;comment;@_mention
2262;https://github.com/jelizarovas;comment;@_mention
2262;https://github.com/israelidanny;comment;@_mention
2538;https://github.com/gargroh;comment;@_mention
2538;https://github.com/gargroh;comment;@_mention
3234;https://github.com/Idonoghue;comment;@_mention
2664;https://github.com/HadiSDev;comment;@_mention
2664;https://github.com/goodwin64;comment;@_mention
2664;https://github.com/cseas;comment;@_mention
2664;https://github.com/madflanderz;comment;@_mention
2664;https://github.com/tannerlinsley;comment;@_mention
2664;https://github.com/otelom;comment;@_mention
2664;https://github.com/rogerfar;comment;@_mention
2664;https://github.com/rogerfar;comment;@_mention
2664;https://github.com/bryantobing12;comment;@_mention
2664;https://github.com/bryantobing12;comment;@_mention
2664;https://github.com/DmitryOlkhovoi;comment;@_mention
2498;https://github.com/barbara-lea;comment;@_mention
2498;https://github.com/szmarci;comment;@_mention
2498;https://github.com/gargroh;comment;@_mention
2467;https://github.com/maraisr;comment;@_mention
2665;https://github.com/gargroh;comment;@_mention
2077;https://github.com/robvk;comment;@_mention
2513;https://github.com/gargroh;comment;@_mention
1988;https://github.com/awhite9;comment;@_mention
3621;https://github.com/tannerlinsley;main;@_mention
2675;https://github.com/sgratzl;comment;@_mention
2649;https://github.com/tannerlinsley;comment;@_mention
2339;https://github.com/GuptaSiddhant;comment;@_mention
2476;https://github.com/tannerlinsley;main;@_mention
2476;https://github.com/gargroh;main;@_mention
2476;https://github.com/israelidanny;comment;@_mention
2476;https://github.com/tannerlinsley;main;@_mention
2476;https://github.com/tannerlinsley;main;@_mention
2476;https://github.com/tannerlinsley;main;@_mention
2476;https://github.com/07harish;comment;@_mention
2476;https://github.com/07harish;comment;@_mention
3230;https://github.com/TomPast;comment;@_mention
3230;https://github.com/tannerlinsley;comment;@_mention
3813;https://github.com/austincondiff;comment;@_mention
3813;https://github.com/stennisrl;comment;@_mention
1989;https://github.com/riceboyler;comment;@_mention
1989;https://github.com/tannerlinsley;comment;@_mention
3634;https://github.com/mtshv;comment;@_mention
1974;https://github.com/gargroh;comment;@_mention
1974;https://github.com/tannerlinsley;comment;@_mention
3839;https://github.com/tannerlinsley;comment;@_mention
2104;https://github.com/tannerlinsley;comment;@_mention
2104;https://github.com/tannerlinsley;comment;@_mention
2104;https://github.com/tannerlinsley;comment;@_mention
2448;https://github.com/tannerlinsley;comment;@_mention
2448;https://github.com/gargroh;comment;@_mention
3637;https://github.com/d-mather;comment;@_mention
2295;https://github.com/ecam900;comment;@_mention
2068;https://github.com/onenick972;main;@_mention
2068;https://github.com/vsSanti;main;@_mention
3558;https://github.com/ivan-sakoman;comment;@_mention
2875;https://github.com/tannerlinsley;main;@_mention
2478;https://github.com/tadger;comment;@_mention
3000;https://github.com/MaxFormanchuk;comment;@_mention
2336;https://github.com/dbertella;comment;@_mention
2336;https://github.com/jackbridger;comment;@_mention
3767;https://github.com/tannerlinsley;main;@_mention
2848;https://github.com/wildcat-cs;comment;@_mention
2109;https://github.com/tannerlinsley;comment;@_mention
2109;https://github.com/tannerlinsley;comment;@_mention
2294;https://github.com/tannerlinsley;comment;@_mention
2294;https://github.com/jlei523;comment;@_mention
2294;https://github.com/jlei523;comment;@_mention
1762;https://github.com/egemon;comment;@_mention
1762;https://github.com/sparkle32817;comment;@_mention
2296;https://github.com/pszafer;comment;@_mention
3822;https://github.com/tannerlinsley;comment;@_mention
3822;https://github.com/colindjk;comment;@_mention
3407;https://github.com/tannerlinsley;main;@_mention
2057;https://github.com/fnn;comment;@_mention
2916;https://github.com/sravan-kumar-suthari;comment;@_mention
2916;https://github.com/sravan-kumar-suthari;comment;@_mention
2916;https://github.com/Marco-exports;comment;@_mention
2916;https://github.com/ankursehdev;comment;@_mention
2453;https://github.com/verbeckii;comment;@_mention
2453;https://github.com/Tosinkoa;comment;@_mention
2453;https://github.com/dolie;comment;@_mention
2453;https://github.com/RobRover;comment;@_mention
2490;https://github.com/boldwade;comment;@_mention
2490;https://github.com/boldwade;comment;@_mention
2490;https://github.com/gunnartorfis;comment;@_mention
2490;https://github.com/muhammed-salman;comment;@_mention
2452;https://github.com/mjangir;comment;@_mention
2452;https://github.com/mjangir;comment;@_mention
2452;https://github.com/pwhipp;comment;@_mention
2446;https://github.com/morasa;comment;@_mention
2446;https://github.com/niralparmar;comment;@_mention
3764;https://github.com/tannerlinsley;comment;@_mention
3764;https://github.com/tannerlinsley;comment;@_mention
3764;https://github.com/tannerlinsley;comment;@_mention
2136;https://github.com/Metavirulent;comment;@_mention
2136;https://github.com/jitenderchand;comment;@_mention
1985;https://github.com/vsSanti;comment;@_mention
2046;https://github.com/petrimj;comment;@_mention
2126;https://github.com/gargroh;comment;@_mention
2126;https://github.com/gargroh;comment;@_mention
2668;https://github.com/tannerlinsley;main;@_mention
2873;https://github.com/jasanidarshit;comment;@_mention
2873;https://github.com/tannerlinsley;comment;@_mention
2324;https://github.com/taschetto;comment;@_mention
2324;https://github.com/rodbs;comment;@_mention
2324;https://github.com/taschetto;comment;@_mention
3774;https://github.com/tannerlinsley;main;@_mention
3774;https://github.com/tannerlinsley;main;@_mention
2047;https://github.com/ljrodriguez1;comment;@_mention
2047;https://github.com/TimMcCauley;comment;@_mention
3824;https://github.com/tannerlinsley;main;@_mention
3824;https://github.com/tannerlinsley;main;@_mention
2440;https://github.com/mikefedorko;comment;@_mention
2695;https://github.com/tannerlinsley;main;@_mention
2642;https://github.com/tannerlinsley;comment;@_mention
2642;https://github.com/tannerlinsley;comment;@_mention
2078;https://github.com/nbppp2;comment;@_mention
2078;https://github.com/junagao;comment;@_mention
2078;https://github.com/alexeyivanov-dunice;comment;@_mention
2078;https://github.com/alexeyivanov-dunice;comment;@_mention
3366;https://github.com/e-monson;comment;@_mention
3366;https://github.com/bruno-fialho;comment;@_mention
3366;https://github.com/e-monson;comment;@_mention
2252;https://github.com/tannerlinsley;comment;@_mention
2037;https://github.com/RWaltersMA;comment;@_mention
2037;https://github.com/justin-tufte;comment;@_mention
2037;https://github.com/jiwoorico;comment;@_mention
3507;https://github.com/akkisagiraju;comment;@_mention
2181;https://github.com/fadi-george;comment;@_mention
2181;https://github.com/dfederighi;comment;@_mention
2181;https://github.com/dfederighi;comment;@_mention
2778;https://github.com/eyaklinlyft;comment;@_mention
2778;https://github.com/timothydowd;comment;@_mention
2778;https://github.com/StianIsmar;comment;@_mention
3855;https://github.com/dufia;comment;@_mention
3855;https://github.com/dufia;comment;@_mention
3855;https://github.com/david-crespo;comment;@_mention
3855;https://github.com/tannerlinsley;comment;@_mention
3855;https://github.com/david-crespo;comment;@_mention
3841;https://github.com/Mokshit06;main;@_mention
3706;https://github.com/tannerlinsley;comment;@_mention
3706;https://github.com/tannerlinsley;comment;@_mention
2424;https://github.com/tannerlinsley;main;@_mention
2380;https://github.com/gargroh;comment;@_mention
2425;https://github.com/ddcech;comment;@_mention
2155;https://github.com/GuptaSiddhant;comment;@_mention
2155;https://github.com/ralbritton-utah;comment;@_mention
2155;https://github.com/CatPerry;comment;@_mention
2155;https://github.com/vishwajit-nalawade;comment;@_mention
2155;https://github.com/tannerlinsley;comment;@_mention
2627;https://github.com/raux;main;@_mention
1312;https://github.com/dreamz89;comment;@_mention
2747;https://github.com/types;comment;@_mention
2753;https://github.com/tannerlinsley;main;@_mention
2753;https://github.com/deeps111;comment;@_mention
2753;https://github.com/Satys;comment;@_mention
2753;https://github.com/Satys;comment;@_mention
2753;https://github.com/yeomann;comment;@_mention
2753;https://github.com/deeps111;comment;@_mention
2009;https://github.com/89erik;comment;@_mention
2009;https://github.com/89erik;comment;@_mention
3317;https://github.com/GuptaSiddhant;comment;@_mention
3868;https://github.com/tannerlinsley;comment;@_mention
2551;https://github.com/nomanalikhan;main;@_mention
2233;https://github.com/deadcoder0904;comment;@_mention
2233;https://github.com/timbakkum;comment;@_mention
2233;https://github.com/Kuncheria-Kuruvilla;comment;@_mention
2145;https://github.com/tannerlinsley;comment;@_mention
2145;https://github.com/omridevk;comment;@_mention
2151;https://github.com/dkulakov;comment;@_mention
2186;https://github.com/tsmith123;comment;@_mention
2186;https://github.com/egertaia;comment;@_mention
2804;https://github.com/tannerlinsley;comment;@_mention
2421;https://github.com/GuptaSiddhant;comment;@_mention
2435;https://github.com/tahv0;comment;@_mention
2384;https://github.com/vivianshub;comment;@_mention
2391;https://github.com/pengx17;main;@_mention
2391;https://github.com/tannerlinsley;main;@_mention
2352;https://github.com/egertaia;comment;@_mention
2193;https://github.com/wisaac407;comment;@_mention
2193;https://github.com/tannerlinsley;comment;@_mention
2193;https://github.com/tannerlinsley;comment;@_mention
2965;https://github.com/dev-guy;comment;@_mention
2224;https://github.com/gary-menzel;comment;@_mention
2813;https://github.com/gargroh;comment;@_mention
2392;https://github.com/hkurra;comment;@_mention
2392;https://github.com/danvln;comment;@_mention
2379;https://github.com/tastypackets;comment;@_mention
2147;https://github.com/SNPR;comment;@_mention
2147;https://github.com/tannerlinsley;comment;@_mention
2147;https://github.com/tannerlinsley;comment;@_mention
2033;https://github.com/tannerlinsley;comment;@_mention
2033;https://github.com/fnn;comment;@_mention
2445;https://gist.github.com/andrconstruction/0c7fc2acc0df9e528f5ab755b68f2a43;main;cross_organization
2033;https://gist.github.com/armenic/dd2c786d595e141cb7cf8fa50cf83b80;comment;cross_organization
2586;https://gist.github.com/feederaccount/766aea20830ff9f26a73f4cedc3a64c3;main;cross_organization
2882;https://gist.github.com/ggascoigne/646e14c9d54258e40588a13aabf0102d;comment;cross_organization
2563;https://gist.github.com/ronihcohen/d312f72558777e19767f6696453bdcbd;main;cross_organization
2033;https://gist.github.com/srsandy/033aeb3d3f5b0cba3553fe65b6c0de09;comment;cross_organization
2265;https://gist.github.com/xavortm/40a995ffc94d7426fc38880239f9e59d;main;cross_organization
2009;https://github.com/amannn/react-keep-state#my-solution;comment;cross_organization
3253;https://github.com/apuchitnis/open-mic-nights/blob/master/src/index.js#L261;comment;cross_organization
2153;https://github.com/bvaughn/react-virtualized;comment;cross_organization
2153;https://github.com/bvaughn/react-window;comment;cross_organization
3342;https://github.com/bvaughn/react-window-infinite-loader;main;cross_organization
2607;https://github.com/bvaughn/react-window/issues/186#issuecomment-476296940;comment;cross_organization
2045;https://github.com/bvaughn/react-window/pull/385;main;cross_organization
2747;https://github.com/DefinitelyTyped/DefinitelyTyped/blob/master/types/react-table/Readme.md;comment;cross_organization
2608;https://github.com/DefinitelyTyped/DefinitelyTyped/pull/43714#pullrequestreview-390426022;main;cross_organization
1989;https://github.com/DefinitelyTyped/DefinitelyTyped/tree/master/types/react-table;main;cross_organization
1989;https://github.com/DefinitelyTyped/DefinitelyTyped/tree/master/types/react-table;main;cross_organization
2421;https://github.com/DefinitelyTyped/DefinitelyTyped/tree/master/types/react-table;comment;cross_organization
2421;https://github.com/DefinitelyTyped/DefinitelyTyped/tree/master/types/react-table#configuration-using-declaration-merging;comment;cross_organization
2766;https://github.com/DefinitelyTyped/DefinitelyTyped/tree/master/types/react-table#example-type-file;comment;cross_organization
1312;https://github.com/dmitriigaidarji/react-table/commit/65332b56dc97a30f2da41e9a5fdf8443998ab8f6;comment;cross_organization
2048;https://github.com/edsinclair/rails-react-table-test;main;cross_organization
2391;https://github.com/facebook/create-react-app/pull/5278;main;cross_organization
2045;https://github.com/floating-ui/floating-ui/pull/830;main;cross_organization
2538;https://github.com/gargroh;comment;cross_organization
2513;https://github.com/gargroh/react-table-plugins;comment;cross_organization
2476;https://github.com/gargroh/react-table-plugins/;comment;cross_organization
2476;https://github.com/gargroh/react-table-plugins/blob/master/docs/useCellRangeSelection.md;comment;cross_organization
2476;https://github.com/gargroh/react-table-plugins/blob/master/docs/useCellRangeSelection.md;comment;cross_organization
2476;https://github.com/gargroh/react-table-plugins/blob/master/src/plugins/useCellRangeSelection.js;comment;cross_organization
2380;https://github.com/gargroh/react-table/blob/column-pinning-hook/src/plugin-hooks/useColumnPin.js;comment;cross_organization
2766;https://github.com/ggascoigne/react-table-example;main;cross_organization
2664;https://github.com/ggascoigne/react-table-example;comment;cross_organization
2747;https://github.com/ggascoigne/react-table-example;comment;cross_organization
2773;https://github.com/ggascoigne/react-table-example/issues/1;comment;cross_organization
2664;https://github.com/ggascoigne/react-table-example/issues/3#issuecomment-733945933;comment;cross_organization
2664;https://github.com/hazel-ui/hazel-ui/blob/main/src/package/components/Table/Table.tsx;comment;cross_organization
2262;https://github.com/iTwin/iTwinUI-react/blob/main/src/core/Table/TableRowMemoized.tsx;comment;cross_organization
2589;https://github.com/jbetancur/react-data-table-component;main;cross_organization
3813;https://github.com/johsunds/react-table/commit/54333a8e164ee0beb4bfc47b2373fed7e46d7294;comment;cross_organization
2978;https://github.com/jquense/react-widgets/issues/1056#issue;main;cross_organization
2647;https://github.com/jsx-eslint/eslint-plugin-react/issues/2369;comment;cross_organization
2196;https://github.com/kentcdodds/match-sorter;comment;cross_organization
3868;https://github.com/microsoft/TypeScript/issues/30128#issuecomment-807394387;main;cross_organization
3775;https://github.com/nafeu/react-query-table-sandbox/blob/main/src/ReactTableExpanding.jsx;main;cross_organization
2145;https://github.com/omridevk/node-cleaner;main;cross_organization
2151;https://github.com/omridevk/node-cleaner/blob/846f1b996981348eb0fc8a98ec44dfd1a6a7a453/app/modules/projects/Rows.tsx#L66;comment;cross_organization
2145;https://github.com/omridevk/node-cleaner/blob/add_delete_status_for_projects/app/hooks/useScan.tsx#L149;comment;cross_organization
2151;https://github.com/omridevk/node-cleaner/blob/add_delete_status_for_projects/app/modules/projects/Table.tsx#L102;comment;cross_organization
2145;https://github.com/omridevk/node-cleaner/tree/add_delete_status_for_projects;comment;cross_organization
2045;https://github.com/react-dnd/react-dnd/pull/1577;main;cross_organization
2356;https://github.com/reactjs/rfcs/blob/createlement-rfc/text/0000-create-element-changes.md;main;cross_organization
2360;https://github.com/tannerlinslefy/react-table/blob/master/examples/filtering/src/App.js#L181;main;cross_organization
3109;https://github.com/tannerlinsley/react-query/discussions/637;main;cross_organization
2292;https://github.com/tannerlinsley/react-table/blame/master/docs/api/useFilters.md#L33;main;cross_organization
1974;https://github.com/tannerlinsley/react-table/blob/127a7fca8754f6289b6bc019dbd1fc4bcdd13187/src/sortTypes.js;comment;cross_organization
2391;https://github.com/tannerlinsley/react-table/blob/34d8b77210a52c0c0a1b55c9c669b6d3c91e7ece/src/publicUtils.js#L230;main;cross_organization
2837;https://github.com/tannerlinsley/react-table/blob/3d76ffe38dc2de6148d6ae6fb2816dd02ae980b4/src/hooks/useTable.js#L186;main;cross_organization
2837;https://github.com/tannerlinsley/react-table/blob/3d76ffe38dc2de6148d6ae6fb2816dd02ae980b4/src/plugin-hooks/useSortBy.js#L288;main;cross_organization
2837;https://github.com/tannerlinsley/react-table/blob/3d76ffe38dc2de6148d6ae6fb2816dd02ae980b4/src/plugin-hooks/useSortBy.js#L380-L392;comment;cross_organization
1762;https://github.com/tannerlinsley/react-table/blob/8c77b4ad97353a0b1f0746be5b919868862a9dcc/docs/src/pages/docs/api/usePagination.md#L8;comment;cross_organization
2604;https://github.com/tannerlinsley/react-table/blob/aa2835766a7a34f70cd6b579628e4f7e820970ab/src/publicUtils.js#L148-L149;main;cross_organization
2255;https://github.com/tannerlinsley/react-table/blob/d2acfc423593389f8f7b974c6f544ecf683f0724/src/plugin-hooks/useGroupBy.js#L246;main;cross_organization
2471;https://github.com/tannerlinsley/react-table/blob/master/docs/api/README.md#the-stages-of-react-table-and-plugins;comment;cross_organization
2441;https://github.com/tannerlinsley/react-table/blob/master/docs/api/useFilters.md;comment;cross_organization
2029;https://github.com/tannerlinsley/react-table/blob/master/docs/api/usePagination.md#table-options;comment;cross_organization
2463;https://github.com/tannerlinsley/react-table/blob/master/docs/api/useRowSelect.md;comment;cross_organization
2126;https://github.com/tannerlinsley/react-table/blob/master/docs/api/useRowSelect.md#instance-properties;comment;cross_organization
2101;https://github.com/tannerlinsley/react-table/blob/master/docs/api/useSortBy.md;main;cross_organization
2361;https://github.com/tannerlinsley/react-table/blob/master/docs/api/useTable.md;main;cross_organization
1970;https://github.com/tannerlinsley/react-table/blob/master/docs/examples.md;main;cross_organization
1985;https://github.com/tannerlinsley/react-table/blob/master/docs/faq.md;comment;cross_organization
2340;https://github.com/tannerlinsley/react-table/blob/master/docs/faq.md#how-do-i-stop-my-table-state-from-automatically-resetting-when-my-data-changes;comment;cross_organization
2406;https://github.com/tannerlinsley/react-table/blob/master/docs/src/pages/docs/api/useGlobalFilter.md;comment;cross_organization
2406;https://github.com/tannerlinsley/react-table/blob/master/docs/src/pages/docs/faq.md#how-can-i-manually-control-the-table-state;comment;cross_organization
2898;https://github.com/tannerlinsley/react-table/blob/master/examples/editable-data/src/App.js;main;cross_organization
1985;https://github.com/tannerlinsley/react-table/blob/master/examples/pagination-controlled/README.md;main;cross_organization
2037;https://github.com/tannerlinsley/react-table/blob/master/examples/row-dnd/src/App.js;comment;cross_organization
3394;https://github.com/tannerlinsley/react-table/blob/master/src/filterTypes.js;comment;cross_organization
2257;https://github.com/tannerlinsley/react-table/blob/master/src/filterTypes.js;comment;cross_organization
2292;https://github.com/tannerlinsley/react-table/blob/master/src/filterTypes.js;comment;cross_organization
3550;https://github.com/tannerlinsley/react-table/blob/master/src/plugin-hooks/useFilters.js#L274;main;cross_organization
2765;https://github.com/tannerlinsley/react-table/blob/master/src/plugin-hooks/useFilters.js#L290;comment;cross_organization
2022;https://github.com/tannerlinsley/react-table/blob/master/src/plugin-hooks/useFlexLayout.js#L40;main;cross_organization
2765;https://github.com/tannerlinsley/react-table/blob/master/src/plugin-hooks/useGlobalFilter.js#L167;comment;cross_organization
2682;https://github.com/tannerlinsley/react-table/blob/master/src/plugin-hooks/useResizeColumns.js#L249;comment;cross_organization
3244;https://github.com/tannerlinsley/react-table/blob/master/src/plugin-hooks/useRowSelect.js#L110;comment;cross_organization
2101;https://github.com/tannerlinsley/react-table/blob/master/src/plugin-hooks/useSortBy.js#L184;main;cross_organization
2497;https://github.com/tannerlinsley/react-table/blob/master/src/plugin-hooks/useSortBy.js#L39;comment;cross_organization
3435;https://github.com/tannerlinsley/react-table/blob/master/src/plugin-hooks/useSortBy.js#L51;main;cross_organization
2510;https://github.com/tannerlinsley/react-table/blob/master/src/utils.js#L252;main;cross_organization
3813;https://github.com/tannerlinsley/react-table/blob/v6/src/methods.js;comment;cross_organization
2112;https://github.com/tannerlinsley/react-table/discussions;main;cross_organization
2247;https://github.com/tannerlinsley/react-table/discussions/2047;comment;cross_organization
2664;https://github.com/tannerlinsley/react-table/discussions/2664#discussioncomment-1194920;comment;cross_organization
3109;https://github.com/tannerlinsley/react-table/discussions/3054;main;cross_organization
2621;https://github.com/tannerlinsley/react-table/files/5054650/SampleData.txt;main;cross_organization
3383;https://github.com/tannerlinsley/react-table/files/6833891/ChecklistTable.txt;main;cross_organization
3470;https://github.com/tannerlinsley/react-table/files/7188905/React_Table_Implementation.zip;main;cross_organization
2698;https://github.com/tannerlinsley/react-table/issues/1152;main;cross_organization
2703;https://github.com/tannerlinsley/react-table/issues/1342;main;cross_organization
3109;https://github.com/tannerlinsley/react-table/issues/1591#issuecomment-729945218;main;cross_organization
2437;https://github.com/tannerlinsley/react-table/issues/2369;main;cross_organization
3375;https://github.com/tannerlinsley/react-table/issues/238;main;cross_organization
2538;https://github.com/tannerlinsley/react-table/issues/2538#issuecomment-659272155;comment;cross_organization
3637;https://github.com/tannerlinsley/react-table/issues/3008;main;cross_organization
3637;https://github.com/tannerlinsley/react-table/issues/3061;main;cross_organization
2224;https://github.com/tannerlinsley/react-table/issues/786#issuecomment-362878460;comment;cross_organization
2391;https://github.com/tannerlinsley/react-table/pull/1764;main;cross_organization
2827;https://github.com/tannerlinsley/react-table/pull/1941/files/a7ccf98806dc7eea327cdc0ed3fde92c1bcc8be7;main;cross_organization
2371;https://github.com/tannerlinsley/react-table/pull/2820;comment;cross_organization
3304;https://github.com/tannerlinsley/react-table/pull/3235;main;cross_organization
3017;https://github.com/tannerlinsley/react-table/tree/master/examples/kitchen-sink;main;cross_organization
2729;https://github.com/tannerlinsley/react-table/tree/master/examples/kitchen-sink-controlled;main;cross_organization
2453;https://github.com/TheWidlarzGroup;comment;cross_organization
3841;/TanStack/react-table/commit/2fb46f6da60f473d38b86668d244c8df822a2dd7;main;code
3822;/TanStack/react-table/commit/bd8e89abb35be7c1a4daf51fa2c0b97f3b8c8737;comment;code
3634;http://ck.wuliwu.top/;comment;other
2677;http://localhost:5000/table/;main;other
2295;http://www.adasi.ae/;comment;other
2295;http://www.adasi.ae/;comment;other
2295;http://www.adasi.ae/;comment;other
2295;http://www.adasi.ae/;comment;other
2295;http://www.etihad.ae/;comment;other
2295;http://www.etihad.ae/;comment;other
2295;http://www.etihad.ae/;comment;other
2295;http://www.etihad.ae/;comment;other
2139;https://api.tvmaze.com/search/shows?q=snow;main;other
2574;https://codesandbox.io;comment;other
2233;https://codesandbox.io;main;other
3591;https://datatables.net/blog/2014-10-22;main;other
2595;https://datatables.net/extensions/rowgroup/examples/initialisation/simple.html;main;other
2243;https://developer.mozilla.org/en-US/docs/Web/API/Event/stopPropagation;comment;other
3320;https://developer.mozilla.org/en-US/docs/Web/HTML/Element/tbody#multiple_bodies;comment;other
2371;https://developer.mozilla.org/en-US/docs/Web/JavaScript/Reference/Global_Objects/String/localeCompare;comment;other
3213;https://devexpress.github.io/devextreme-reactive/react/grid/docs/guides/lazy-loading/;main;other
2460;https://discord.com/invite/WrRKjPJ;comment;other
2450;https://discord.com/invite/WrRKjPJ;comment;other
2748;https://drive.google.com/file/d/1IcT1f5Q1a8fZtkETBEyJq9XW6haI4SaG/view?usp=sharing;main;other
2748;https://drive.google.com/file/d/1mCyE7qO7rd06X9Yqvc3Tpfz4GmZCag8T/view?usp=sharing;main;other
2627;https://forms.gle/peBxiio8u99QvKMk6;main;other
2425;https://giphy.com/gifs/dCR44Nywbz7wDNjwVi/fullscreen;comment;other
2425;https://giphy.com/gifs/Jpp6HWUT1GR2IJMCSv/fullscreen;comment;other
2767;https://git.io/JfeDR;main;other
2767;https://git.io/vb4yA;main;other
3728;https://gyazo.com/283435e60aa32b2e434cc2cff02c86c7;main;other
2888;https://hashnode.com/post/really-responsive-tables-using-css3-flexbox-cijzbxd8n00pwvm53sl4l42cx;main;other
2630;https://hectorguo.com/react-nested-table/;main;other
3320;https://i.stack.imgur.com/3HPH9.png;main;other
3230;https://js.devexpress.com/Demos/WidgetsGallery/Demo/TreeList/LocalReordering/React/Light/;comment;other
3582;https://localforage.github.io/localForage/;main;other
3229;https://lodash.com/docs/4.17.15#get;main;other
3859;https://mantine.dev/core/popover/?t=props;comment;other
3859;https://mantine.dev/core/portal/;comment;other
3014;https://material-ui.com/components/tables/#basic-table;main;other
2564;https://material-ui.com/components/tables/#sorting-amp-selecting;main;other
2630;https://media.giphy.com/media/QWufRAan7oc5YA1gsO/giphy.gif;main;other
2630;https://media.giphy.com/media/QWufRAan7oc5YA1gsO/giphy.gif;main;other
3320;https://miro.medium.com/max/2000/1*S6an7XQsdMyUBUt9nH2L-g.png;comment;other
2437;https://mobx.js.org/best/pitfalls.html;main;other
3775;https://nafeu.medium.com/lazy-loading-expandable-rows-with-react-table-cd2fc86b0630;main;other
3084;https://nimb.ws/DTN3d7;main;other
2942;https://polaris.shopify.com/components/forms/checkbox;main;other
3885;https://preactjs.com/guide/v10/getting-started#no-build-tools-route;main;other
2627;https://raux.github.io/;main;other
2155;https://react-bootstrap-table.github.io/react-bootstrap-table2/storybook/index.html?selectedKind=Export%20CSV&selectedStory=Only%20Export%20Selected%20Rows&full=0&addons=1&stories=1&panelRight=0&addonPanel=storybook%2Factions%2Factions-panel;comment;other
3342;https://react-query.tanstack.com/guides/infinite-queries#_top;comment;other
3401;https://react-query.tanstack.com/guides/infinite-queries#_top;main;other
3401;https://react-query.tanstack.com/guides/infinite-queries#_top;main;other
3401;https://react-query.tanstack.com/guides/scroll-restoration;main;other
2007;https://react-table-docz.netlify.com/;main;other
2181;https://react-table-omega.vercel.app/docs/api/useFilters;comment;other
2181;https://react-table-omega.vercel.app/docs/api/useFilters;comment;other
2490;https://react-table-omega.vercel.app/docs/api/useFilters#column-options;comment;other
2645;https://react-table-omega.vercel.app/docs/api/useGroupBy;main;other
3068;https://react-table-omega.vercel.app/docs/api/useRowSelect;main;other
2490;https://react-table-omega.vercel.app/docs/api/useSortBy#column-options;comment;other
2779;https://react-table-omega.vercel.app/docs/api/useTable;comment;other
2288;https://react-table-omega.vercel.app/docs/examples/sub-components-lazy;comment;other
3312;https://react-table-ui.js.org/;comment;other
3669;https://react-table-v7.tanstack.com/docs/examples/basic;main;other
3669;https://react-table-v7.tanstack.com/docs/examples/column-resizing;main;other
2153;https://react-table.js.org/;main;other
2254;https://react-table.js.org/api/useTable;main;other
2164;https://react-table.js.org/api/useTable#column-options;comment;other
2154;https://react-table.js.org/api/useTable#instance-properties;main;other
2125;https://react-table.js.org/examples/simple#column-resizing;comment;other
2203;https://react-table.js.org/examples/simple#editable-data;main;other
2227;https://react-table.js.org/examples/ui;main;other
2153;https://react-table.js.org/examples/ui;comment;other
2262;https://react-table.js.org/examples/ui#virtualized-rows-react-window;comment;other
2262;https://react-table.js.org/examples/ui#virtualized-rows-react-window;comment;other
2212;https://react-table.js.org/faq#how-do-i-stop-my-table-state-from-automatically-resetting-when-my-data-changes;comment;other
3826;https://react-virtual.tanstack.com/examples/sticky;comment;other
2033;https://react-window.now.sh/#/examples/list/fixed-size;comment;other
2009;https://reactjs.org/docs/forms.html#controlled-components;main;other
2212;https://reactjs.org/docs/hooks-overview.html;main;other
2213;https://reactjs.org/docs/hooks-overview.html#rules-of-hooks;main;other
3563;https://reactjs.org/docs/hooks-reference.html#usememo;comment;other
2621;https://romantic-pasteur-123a68.netlify.app/;main;other
1312;https://spectrum.chat/react-table;comment;other
3879;https://spectrum.chat/react-table/general/copy-to-excel~96bfc05f-11a9-468c-a3a3-afaa90fc7cfa;main;other
2677;https://spectrum.chat/react-table/general/how-can-i-set-columns-width~917d3140-beee-4162-85f0-612b7a7709aa?m=MTU2NzUyOTAzOTE2Nw==;main;other
3034;https://spectrum.chat/react-table/general/is-there-any-way-to-freeze-sorting~46a5bab8-7661-46ff-a508-3b6be3ad50bd;main;other
2847;https://spectrum.chat/react-table/general/v7-how-get-selected-rows-outside-of-react-table~2deb9558-c484-4b97-9e1c-6be608f1f275;comment;other
2435;https://spectrum.chat/react-table/general/v7-how-get-selected-rows-outside-of-react-table~2deb9558-c484-4b97-9e1c-6be608f1f275;comment;other
3213;https://swimlane.github.io/ngx-datatable/#server-scrolling;main;other
2014;https://unpkg.com/browse/react-router-dom@4.2.2/umd/react-router-dom.js;comment;other
3868;https://vitejs.dev/guide/features.html#typescript;comment;other
2723;https://w3c.github.io/html-aria/#docconformance;main;other
2723;https://w3c.github.io/html-aria/#docconformance;main;other
2723;https://w3c.github.io/html-aria/#rules-wd;main;other
1990;https://web.archive.org/web/20180918131116/https://react-table.js.org/#/story/select-table-hoc;main;other
1990;https://web.archive.org/web/20180918131116/https://react-table.js.org/#/story/select-table-hoc;main;other
2045;https://webpack.js.org/guides/tree-shaking/#mark-the-file-as-side-effect-free;main;other
3813;https://www.ag-grid.com/;comment;other
2993;https://www.akashmittal.com/gui-utility-to-generate-react-table-code/;main;other
2068;https://www.apollographql.com/docs/react/data/pagination/#offset-based;main;other
2888;https://www.freecodecamp.org/news/https-medium-com-nakayama-shingo-creating-responsive-tables-with-pure-css-using-the-grid-layout-module-8e0ea8f03e83/;main;other
2939;https://www.jqueryscript.net/images/Selecting-Tables-Rows-with-Checkboxes-using-jQuery-tableCheckbox-js.jpg;main;other
2773;https://www.npmjs.com/package/@types/react-table;main;other
2391;https://www.npmjs.com/package/react-app-polyfill#supporting-internet-explorer;main;other
2549;https://www.npmjs.com/package/react-super-responsive-table;main;other
3259;https://www.npmjs.com/package/react-super-responsive-table;main;other
2104;https://www.npmjs.com/package/react-table;main;other
2104;https://www.npmjs.com/package/react-table-6;comment;other
1990;https://www.npmjs.com/package/react-table-6;comment;other
2827;https://www.npmjs.com/package/react-table-plugins;comment;other
2752;https://www.npmjs.com/package/react-table-ui;comment;other
2104;https://www.npmjs.com/package/react-table-v6;comment;other
2392;https://www.npmjs.com/package/react-virtual#returns;comment;other
2153;https://www.npmjs.com/package/react-virtualized-auto-sizer;comment;other
3610;https://www.primefaces.org/primereact/datatable/;main;other
2664;https://www.typescriptlang.org/docs/handbook/2/objects.html#index-signatures;comment;other
3287;https://www.w3.org/TR/wai-aria-1.1/#rowheader;comment;other
2818;https://www.w3schools.com/tags/tryit.asp?filename=tryhtml_td_colspan;main;other
2752;https://yvsyl.csb.app;comment;other
1990;react-table.js.org;main;other
1990;https://web.archive.org/web/20180918131113/https://github.com/react-tools/react-table;main;other
1990;https://web.archive.org/web/20180918131113/https://github.com/react-tools/react-table;main;other
2044;https://react-table.tanstack.com/docs/api/overview#hook-usage;comment;doc
2572;https://react-table.tanstack.com/docs/api/useExpanded;main;doc
3882;https://react-table.tanstack.com/docs/api/useExpanded;main;doc
2753;https://react-table.tanstack.com/docs/api/useExpanded;comment;doc
3084;https://react-table.tanstack.com/docs/api/useFilters;main;doc
2247;https://react-table.tanstack.com/docs/api/useFilters;comment;doc
3366;https://react-table.tanstack.com/docs/api/useFilters;comment;doc
2813;https://react-table.tanstack.com/docs/api/useFilters;main;doc
3234;https://react-table.tanstack.com/docs/api/useFilters#table-options;comment;doc
2859;https://react-table.tanstack.com/docs/api/useFilters#table-options;main;doc
2642;https://react-table.tanstack.com/docs/api/useGlobalFilter;main;doc
2587;https://react-table.tanstack.com/docs/api/useGlobalFilter#instance-properties;comment;doc
3084;https://react-table.tanstack.com/docs/api/useGlobalFilter#useglobalfilter;main;doc
2181;https://react-table.tanstack.com/docs/api/useGlobalFilter#useglobalfilter;comment;doc
2181;https://react-table.tanstack.com/docs/api/useGlobalFilter#useglobalfilter;comment;doc
3551;https://react-table.tanstack.com/docs/api/useGroupBy;main;doc
1762;https://react-table.tanstack.com/docs/api/usePagination#instance-properties;comment;doc
3433;https://react-table.tanstack.com/docs/api/useResizeColumns;main;doc
3387;https://react-table.tanstack.com/docs/api/useResizeColumns;main;doc
3105;https://react-table.tanstack.com/docs/api/useRowSelect;main;doc
2126;https://react-table.tanstack.com/docs/api/useRowSelect#instance-properties;comment;doc
3630;https://react-table.tanstack.com/docs/api/useRowSelect#userowselect;comment;doc
2902;https://react-table.tanstack.com/docs/api/useRowSelect#userowselect;main;doc
3491;https://react-table.tanstack.com/docs/api/useRowState;main;doc
2685;https://react-table.tanstack.com/docs/api/useSortBy;comment;doc
3507;https://react-table.tanstack.com/docs/api/useSortBy;comment;doc
2778;https://react-table.tanstack.com/docs/api/useSortBy#column-options;comment;doc
2033;https://react-table.tanstack.com/docs/api/useSortBy#column-properties;comment;doc
2735;https://react-table.tanstack.com/docs/api/useSortBy#instance-properties;main;doc
2664;https://react-table.tanstack.com/docs/api/useTable;comment;doc
2687;https://react-table.tanstack.com/docs/api/useTable#cell-properties;main;doc
2224;https://react-table.tanstack.com/docs/api/useTable#cell-properties;comment;doc
2770;https://react-table.tanstack.com/docs/api/useTable#column-options;main;doc
3849;https://react-table.tanstack.com/docs/api/useTable#column-options;main;doc
3180;https://react-table.tanstack.com/docs/api/useTable#column-options;main;doc
3710;https://react-table.tanstack.com/docs/api/useTable#column-options;comment;doc
3710;https://react-table.tanstack.com/docs/api/useTable#column-options;comment;doc
3805;https://react-table.tanstack.com/docs/api/useTable#instance-properties;main;doc
3068;https://react-table.tanstack.com/docs/api/useTable#table-options;comment;doc
3496;https://react-table.tanstack.com/docs/api/useTable#table-options;main;doc
3496;https://react-table.tanstack.com/docs/api/useTable#table-options;main;doc
3234;https://react-table.tanstack.com/docs/api/useTable#table-options;comment;doc
3164;https://react-table.tanstack.com/docs/examples/basic;main;doc
2685;https://react-table.tanstack.com/docs/examples/column-resizing;main;doc
2665;https://react-table.tanstack.com/docs/examples/data-driven-classes-and-styles;comment;doc
2687;https://react-table.tanstack.com/docs/examples/data-driven-classes-and-styles;comment;doc
3726;https://react-table.tanstack.com/docs/examples/editable-data;main;doc
2987;https://react-table.tanstack.com/docs/examples/editable-data;main;doc
3395;https://react-table.tanstack.com/docs/examples/editable-data;comment;doc
3383;https://react-table.tanstack.com/docs/examples/editable-data;main;doc
3585;https://react-table.tanstack.com/docs/examples/editable-data;main;doc
2916;https://react-table.tanstack.com/docs/examples/editable-data;comment;doc
3888;https://react-table.tanstack.com/docs/examples/expanding;main;doc
2561;https://react-table.tanstack.com/docs/examples/expanding;main;doc
3237;https://react-table.tanstack.com/docs/examples/expanding;main;doc
3344;https://react-table.tanstack.com/docs/examples/expanding;main;doc
3040;https://react-table.tanstack.com/docs/examples/filtering;comment;doc
2575;https://react-table.tanstack.com/docs/examples/filtering;main;doc
2033;https://react-table.tanstack.com/docs/examples/filtering;comment;doc
2077;https://react-table.tanstack.com/docs/examples/full-width-resizable-table;comment;doc
3813;https://react-table.tanstack.com/docs/examples/full-width-resizable-table;comment;doc
3634;https://react-table.tanstack.com/docs/examples/full-width-resizable-table;main;doc
2953;https://react-table.tanstack.com/docs/examples/grouping;comment;doc
3283;https://react-table.tanstack.com/docs/examples/kitchen-sink;main;doc
2742;https://react-table.tanstack.com/docs/examples/kitchen-sink;main;doc
2742;https://react-table.tanstack.com/docs/examples/material-ui-kitchen-sink;main;doc
3890;https://react-table.tanstack.com/docs/examples/pagination;main;doc
3890;https://react-table.tanstack.com/docs/examples/pagination;main;doc
2783;https://react-table.tanstack.com/docs/examples/pagination-controlled;comment;doc
2033;https://react-table.tanstack.com/docs/examples/pagination-controlled;comment;doc
3157;https://react-table.tanstack.com/docs/examples/row-selection;main;doc
3528;https://react-table.tanstack.com/docs/examples/row-selection;main;doc
2569;https://react-table.tanstack.com/docs/examples/row-selection-and-pagination;comment;doc
3587;https://react-table.tanstack.com/docs/examples/sorting;main;doc
3888;https://react-table.tanstack.com/docs/examples/sub-components-lazy;main;doc
3775;https://react-table.tanstack.com/docs/examples/sub-components-lazy;main;doc
2965;https://react-table.tanstack.com/docs/examples/sub-components-lazy;comment;doc
3634;https://react-table.tanstack.com/docs/examples/virtualized-rows;main;doc
3623;https://react-table.tanstack.com/docs/examples/virtualized-rows;main;doc
2836;https://react-table.tanstack.com/docs/faq;comment;doc
3496;https://react-table.tanstack.com/docs/faq#how-can-i-manually-control-the-table-state;main;doc
2729;https://react-table.tanstack.com/docs/faq#how-can-i-manually-control-the-table-state;main;doc
2714;https://react-table.tanstack.com/docs/faq#how-can-i-use-the-table-state-to-fetch-new-data;comment;doc
2033;https://react-table.tanstack.com/docs/faq#how-can-i-use-the-table-state-to-fetch-new-data;comment;doc
2729;https://react-table.tanstack.com/docs/faq#how-do-i-stop-my-table-state-from-automatically-resetting-when-my-data-changes;main;doc
2902;https://react-table.tanstack.com/docs/faq#how-do-i-stop-my-table-state-from-automatically-resetting-when-my-data-changes;main;doc
3238;https://react-table.tanstack.com/docs/faq#how-do-i-stop-my-table-state-from-automatically-resetting-when-my-data-changes;main;doc
2619;https://react-table.tanstack.com/docs/faq#how-do-i-stop-my-table-state-from-automatically-resetting-when-my-data-changes;main;doc
2340;https://react-table.tanstack.com/docs/faq#how-do-i-stop-my-table-state-from-automatically-resetting-when-my-data-changes;comment;doc
2822;https://react-table.tanstack.com/docs/quick-start;main;doc
3726;https://react-table.tanstack.com/docs/quick-start;main;doc
2766;https://react-table.tanstack.com/docs/quick-start;main;doc
2664;https://react-table.tanstack.com/docs/quick-start;comment;doc
2647;https://react-table.tanstack.com/docs/quick-start#applying-the-table-instance-to-markup;comment;doc
3063;https://react-table.tanstack.com/;main;projectWebsite
3627;https://twitter.com/tan_stack/status/1481000372256731145;comment;out_gh
2572;https://codesandbox.io/s/github/tannerlinsley/react-table/tree/master/examples/expanding?file=/src/App.js;main;playground
2406;https://codesandbox.io/s/agitated-saha-kr4vd?file=/src/App.js;main;playground
2406;https://codesandbox.io/s/blissful-dhawan-rbsvn?file=/src/App.js;comment;playground
3081;https://codesandbox.io/s/headerstyling-nus98?file=/src/App.tsx;main;playground
2413;https://codesandbox.io/s/github/tannerlinsley/react-table/tree/master/examples/column-resizing;main;playground
3043;https://codepen.io/vladatnyc/pen/KKNzKaM;main;playground
2822;https://codesandbox.io/s/mystifying-ganguly-qmpg8?file=/src/App.js;main;playground
3335;https://codesandbox.io/s/sparkling-lake-n4pi8;main;playground
3876;https://codesandbox.io/s/react-table-custom-filtering-multiple-values-filter-forked-uej3jo?file=/index.js;main;playground
3876;https://codesandbox.io/s/react-select-dropdown-not-showing-in-react-table-custom-filter-rnefzh;main;playground
3686;https://codesandbox.io/s/react-table-global-filter-pagination-forked-wm1tw?file=/src/App.js;main;playground
3679;https://codesandbox.io/s/nice-wave-86bbu?file=/src/App.js;main;playground
2571;https://codesandbox.io/s/condescending-raman-ud0l8?file=/src/App.tsx:879-886;main;playground
2217;https://codesandbox.io/s/vibrant-napier-h58np;main;playground
2203;https://codesandbox.io/s/react-table-checkin-checkout-qor10?file=/src/App.js;main;playground
2203;https://codesandbox.io/embed/github/tannerlinsley/react-table/tree/master/examples/editable-data;main;playground
2029;https://codesandbox.io/s/condescending-proskuriakova-hcwyo;comment;playground
2439;https://codesandbox.io/s/github/tannerlinsley/react-table/tree/master/examples/editable-data;main;playground
3083;https://codesandbox.io/s/new-wood-6crzy?file=/src/ConnectedTable.js:781-797;main;playground
2438;https://codesandbox.io/s/theme-with-react-context-gltn7;main;playground
2821;https://codesandbox.io/s/react-table-imperative-ref-forked-5vbzc;main;playground
3256;https://codesandbox.io/s/floral-cookies-f7k8u?file=/src/App.js;main;playground
3256;https://codesandbox.io/s/floral-cookies-f7k8u?file=/src/App.js;main;playground
2564;https://codesandbox.io/s/github/tannerlinsley/react-table/tree/master/examples/material-UI-kitchen-sink;main;playground
2564;https://codesandbox.io/s/github/tannerlinsley/react-table/tree/master/examples/material-UI-kitchen-sink;main;playground
2216;https://codesandbox.io/s/vibrant-napier-h58np;main;playground
3134;https://codesandbox.io/s/youthful-hamilton-j0rev?file=/src/App.js;main;playground
2548;https://codesandbox.io/s/github/madbiker88/mb_react-table-v7-dnd;main;playground
3695;https://codesandbox.io/s/react-table-expanded-global-filter-l2bct;main;playground
3859;https://stackblitz.com/edit/vitejs-vite-zvf5qc?file=src%2FApp.tsx;comment;playground
2951;https://codesandbox.io/s/github/tannerlinsley/react-table/tree/master/examples/data-driven-classes-and-styles?file=/src/App.js;main;playground
2164;https://codesandbox.io/s/github/tannerlinsley/react-table/tree/master/examples/pivoting?file=/src/App.js;comment;playground
2399;https://codesandbox.io/s/github/tannerlinsley/react-table/tree/master/examples/pagination;main;playground
2373;https://codesandbox.io/s/specific-columns-global-filter-n1k4v?file=/src/Table.tsx:1598-1747;comment;playground
2987;https://codesandbox.io/s/button-click-issue-nrnqf;main;playground
2011;https://codesandbox.io/s/3x51yzollq;comment;playground
3899;https://codesandbox.io/s/react-table-url-state-1gzdzl?file=/src/App.tsx;main;playground
3480;https://codesandbox.io/s/forward-ref-57bwn?file=/src/components/Table.js;main;playground
2167;https://codesandbox.io/s/holy-voice-3zeqv?file=/src/App.js;main;playground
3085;https://codesandbox.io/s/brave-mendeleev-lkf5d?file=/src/index.css;main;playground
2953;https://codesandbox.io/s/github/tannerlinsley/react-table/tree/master/examples/sub-components;comment;playground
3898;https://codesandbox.io/s/github/tannerlinsley/react-table/tree/v7/examples/pagination-controlled;main;playground
2562;https://codesandbox.io/s/react-table-virtual-g8j3v;main;playground
2562;https://codesandbox.io/s/react-table-virtual-wg3ki;comment;playground
2562;https://codesandbox.io/s/react-table-virtual-wg3ki;comment;playground
2562;https://codesandbox.io/s/clever-shadow-2n773?file=/src/index.js;comment;playground
2505;https://codesandbox.io/s/upbeat-breeze-hyodx;main;playground
1971;https://codesandbox.io/s/react-table-v7-sandbox-veigk;comment;playground
3814;https://codesandbox.io/s/github/tannerlinsley/react-table/tree/v7/examples/sub-components-lazy;main;playground
3394;https://codesandbox.io/s/condescending-rhodes-i7pr7?file=/src/App.js;comment;playground
2883;https://codesandbox.io/s/react-table-basic-demo-with-header-groups-sort-filter-and-pagination-zoh4u?file=/src/components/columns.js;comment;playground
2673;https://codesandbox.io/s/github/tannerlinsley/react-table/tree/master/examples/streaming-rows?file=/src/App.js;comment;playground
1970;https://codesandbox.io/s/github/tannerlinsley/react-table/tree/master/examples/basic;main;playground
2076;https://codesandbox.io/embed/github/tannerlinsley/react-table/tree/master/examples/filtering;main;playground
2076;https://codesandbox.io/s/react-table-filter-outside-table-bor4f?file=/src/App.js;comment;playground
3585;https://codesandbox.io/s/jovial-bohr-f7973?file=/src/DataGrid.jsx;main;playground
2472;https://codesandbox.io/s/github/tannerlinsley/react-table/tree/master/examples/row-selection;main;playground
2472;https://codesandbox.io/s/react-table-row-selection-5s9dp?file=/index.js;main;playground
2314;https://codesandbox.io/s/react-table-row-table-47192;main;playground
3745;https://codesandbox.io/s/react-table-expanded-global-filter-ehm-r2uxrx;main;playground
2665;https://codesandbox.io/s/744n0nmvl0?file=/index.js:552-985;main;playground
3396;https://codesandbox.io/s/github/tannerlinsley/react-table/tree/master/examples/virtualized-rows?file=/src/App.js;main;playground
2077;https://codesandbox.io/s/github/tannerlinsley/react-table/tree/master/examples/full-width-table;main;playground
3802;https://codesandbox.io/s/nifty-meitner-9sg157?file=/src/main.tsx;comment;playground
3619;https://codesandbox.io/s/brave-beaver-59ron?file=/src/Table.js;main;playground
2265;https://codesandbox.io/s/nice-bose-kfg0l?file=/src/App.js;main;playground
3812;https://codesandbox.io/s/exciting-ganguly-7w2d84;main;playground
2729;https://codesandbox.io/s/ipeoh?file=/src/App.js;main;playground
2729;https://codesandbox.io/s/react-table-with-global-states-pagination-index-ny4kj?file=/src/Listing.js:4367-4454;comment;playground
2098;https://codesandbox.io/s/quizzical-allen-u7y68;main;playground
2098;https://codesandbox.io/s/quizzical-allen-u7y68;main;playground
2463;https://codesandbox.io/s/github/tannerlinsley/react-table/tree/master/examples/row-selection;main;playground
3032;https://codesandbox.io/s/react-table-basic-demo-with-header-groups-sort-filter-and-pagination-zoh4u?file=/src/components/columns.js;main;playground
2476;https://codesandbox.io/s/github/gargroh/react-table-plugins/tree/master/examples/cell-range-selection;comment;playground
2476;https://codesandbox.io/s/github/gargroh/react-table-plugins/tree/master/examples/cell-range-selection;comment;playground
2853;https://codesandbox.io/s/infallible-pond-pntw1?fontsize=14&hidenavigation=1&theme=dark&file=/src/App.js;main;playground
3230;https://codesandbox.io/s/github/tannerlinsley/react-table/tree/master/examples/row-dnd;main;playground
3230;https://codesandbox.io/s/jolly-payne-dxs1d?fontsize=14&hidenavigation=1&theme=dark;main;playground
2674;https://codesandbox.io/s/competent-shaw-n665e?file=/src/App.js;main;playground
3387;https://codesandbox.io/s/useresizecolumns-table-eh16d;main;playground
3393;https://codesandbox.io/s/pe0qn?file=/src/App.js:3089-3708;main;playground
2728;https://codesandbox.io/s/hungry-franklin-ssrr1?file=/src/App.js:1973-1993;main;playground
2700;https://codesandbox.io/s/awesome-pine-sh5ew;main;playground
2714;https://codesandbox.io/s/react-table-loading-8vyku?file=/src/App.js;comment;playground
3813;https://codesandbox.io/s/github/tannerlinsley/react-table/tree/master/examples/full-width-resizable-table;main;playground
3813;https://codesandbox.io/s/crazy-sea-p8ypk;comment;playground
3813;https://codesandbox.io/s/github/tannerlinsley/react-table/tree/master/examples/full-width-resizable-table;main;playground
3813;https://codesandbox.io/s/react-virtualized-resizable-table-forked-9t07p?file=/src/useResizeColumns.js;comment;playground
3813;https://codesandbox.io/s/react-virtualized-resizable-table-forked-9t07p?file=/src/useResizeColumns.js;comment;playground
3813;https://codesandbox.io/s/react-virtualized-resizable-table-forked-9t07p?file=/src/useResizeColumns.js;comment;playground
3813;https://codesandbox.io/s/cubs-react-virtualized-resizable-sortable-filterable-table-x77iw?file=/src/App.js;comment;playground
1989;https://codesandbox.io/s/github/tannerlinsley/react-table/tree/master/examples/material-UI-enhanced-table;main;playground
1989;https://codesandbox.io/s/github/tannerlinsley/react-table/tree/master/examples/material-UI-enhanced-table;main;playground
3634;https://codesandbox.io/s/react-table-full-width-resizable-table-virtualized-rows-rqdsr;main;playground
3839;https://codesandbox.io/s/react-table-performance-issue-u3ob82?file=/src/App.js;main;playground
2058;https://codesandbox.io/s/youthful-fast-utvo6;main;playground
2931;https://codesandbox.io/s/github/tannerlinsley/react-table/tree/master/examples/column-resizing;comment;playground
2306;https://codesandbox.io/s/946nw43014;main;playground
2449;https://codesandbox.io/s/blissful-edison-p6gch?file=/src/App.js;main;playground
3019;https://codesandbox.io/s/github/tannerlinsley/react-table/tree/master/examples/row-selection;main;playground
2529;https://codesandbox.io/s/upbeat-breeze-hyodx?file=/src/App.js;main;playground
3637;https://codesandbox.io/s/github/tannerlinsley/react-table/tree/master/examples/expanding;main;playground
3179;https://codesandbox.io/s/react-table-hooks-select-multi-row-jzvt9?file=/src/App.js;main;playground
2068;https://codesandbox.io/s/github/tannerlinsley/react-table/tree/master/examples/pagination-controlled;main;playground
2726;https://codesandbox.io/s/github/tannerlinsley/react-table/tree/master/examples/data-driven-classes-and-styles;comment;playground
2732;https://codesandbox.io/s/focused-diffie-86bde?file=/src/App.js;main;playground
2134;https://codesandbox.io/s/competent-cohen-bsnw3?file=/src/App.js;main;playground
3558;https://codesandbox.io/s/react-table-selector-on-click-for-the-row-getting-all-object-qhsfm;comment;playground
2875;https://codesandbox.io/s/gifted-dream-xbqnd?file=/src/App.js;main;playground
2914;https://codesandbox.io/s/react-table-crud-iiyy9;main;playground
2243;https://codesandbox.io/s/github/tannerlinsley/react-table/tree/master/examples/row-selection;comment;playground
2916;https://codesandbox.io/embed/github/tannerlinsley/react-table/tree/master/examples/row-selection;comment;playground
2916;https://codesandbox.io/s/button-click-workaround-forked-zgqe4?file=/src/App.js;comment;playground
2447;https://codesandbox.io/embed/react-table-sorting-with-column-resizing-4fmog?file=/src/App.js:2302-2531;main;playground
2453;https://codesandbox.io/s/smoosh-resonance-6zs39h?file=/src/App.js;comment;playground
2308;https://codesandbox.io/s/github/tannerlinsley/react-table/tree/master/examples/pagination-controlled?file=/src/App.js;main;playground
2888;https://codepen.io/vasansr/full/PZOJXr/;main;playground
3189;https://codesandbox.io/s/github/tannerlinsley/react-table/tree/master/examples/editable-data?file=/src/App.js;main;playground
3837;https://codesandbox.io/s/github/tannerlinsley/react-table/tree/v7/examples/filtering;main;playground
1985;https://codesandbox.io/s/cool-dawn-ecut7;comment;playground
3162;https://codesandbox.io/s/mm3kvjo0z9;main;playground
2250;https://codesandbox.io/s/github/tannerlinsley/react-table/tree/master/examples/filtering;main;playground
2278;https://codesandbox.io/s/loving-hopper-9if3m?file=/src/App.js;main;playground
2278;https://codesandbox.io/embed/github/tannerlinsley/react-table/tree/master/examples/basic;comment;playground
3199;https://codesandbox.io/s/condescending-rubin-ne6jw?file=/src/App.js;main;playground
2720;https://codesandbox.io/s/old-haze-q8vnr?file=/src/App.js;main;playground
2091;https://codesandbox.io/s/gargroh-v7-drag-column-beautiful-react-dnd-encww;main;playground
2091;https://codesandbox.io/s/github/madbiker88/mb_react-table-v7-dnd;comment;playground
2126;https://codesandbox.io/s/github/tannerlinsley/react-table/tree/master/examples/streaming-rows?file=/src/App.js;comment;playground
2683;https://codesandbox.io/s/github/tannerlinsley/react-table/tree/master/examples/row-selection?file=/src/App.js:1066-2059;comment;playground
2279;https://codesandbox.io/s/epic-voice-mji5g?file=/src/App.js;main;playground
3601;https://codesandbox.io/s/github/ggascoigne/react-table-example?file=/src/Table/Table.tsx:657-668;main;playground
2253;https://codesandbox.io/s/reverent-meadow-7fbrf;main;playground
2253;https://codesandbox.io/s/reverent-meadow-7fbrf;main;playground
2290;https://codesandbox.io/s/3x51yzollq?file=/index.js;comment;playground
2290;https://codesandbox.io/s/react-table-custom-filtering-multiple-values-filter-forked-1f98i;comment;playground
3373;https://codesandbox.io/s/github/tannerlinsley/react-table/tree/master/examples/row-selection-and-pagination;main;playground
3398;https://codesandbox.io/s/strange-northcutt-mydce?file=/src/App.js;main;playground
2125;https://codesandbox.io/s/heuristic-https-pvob4?file=/src/App.js;comment;playground
3213;https://codesandbox.io/s/react-table-infinite-mzkkp?file=/src/MuiTable.js;main;playground
3213;https://codesandbox.io/s/infinte-scroll-without-virtualized-bbrg8?file=/src/App.js;main;playground
3575;https://codesandbox.io/s/github/tannerlinsley/react-table/tree/master/examples/editable-data;main;playground
2119;https://codesandbox.io/s/competent-ellis-febbl?file=/src/App.js;main;playground
3039;https://codesandbox.io/s/tannerlinsleyreact-table-editable-data-ji8dp;comment;playground
2441;https://codesandbox.io/s/github/tannerlinsley/react-table/tree/master/examples/kitchen-sink?file=/src/App.js;main;playground
2440;https://codesandbox.io/s/cool-frog-u5y8z?file=/src/App.js;comment;playground
2332;https://codesandbox.io/s/github/tannerlinsley/react-table/tree/master/examples/material-UI-components;comment;playground
2905;https://codesandbox.io/s/zealous-paper-v8xrg;main;playground
2093;https://codesandbox.io/s/react-table-executions-6gjy1;main;playground
3372;https://codesandbox.io/s/relaxed-chebyshev-4r3up?file=/src/App.js;main;playground
2078;https://codesandbox.io/s/eager-breeze-9cw0r;main;playground
2078;https://codesandbox.io/s/react-table-pagination-and-sort-forked-0yted?file=/src/App.js;comment;playground
2078;https://codesandbox.io/s/react-table-pagination-and-sort-xgyl0?file=/src/App.js;comment;playground
2078;https://codesandbox.io/s/react-table-pagination-and-sort-forked-6fgbb?file=/src/App.js;comment;playground
2722;https://codesandbox.io/s/react-table-filter-outside-table-bor4f?file=/src/App.js;comment;playground
3819;https://stackblitz.com/edit/react-ts-cbvmnt;main;playground
2291;https://codesandbox.io/s/github/tannerlinsley/react-table/tree/master/examples/groupin;main;playground
3164;https://codesandbox.io/s/react-table-simple-table-forked-14bmv?file=/index.js:141-151;main;playground
2252;https://codesandbox.io/s/modest-sanderson-z0keq?file=/src/App.tsx;main;playground
2246;https://codesandbox.io/s/adoring-poincare-h86t8?file=/src/App.js:1344-1370;main;playground
3467;https://codesandbox.io/s/mock-preselected-rows-data-t36nl?file=/src/App.js;main;playground
2745;https://codesandbox.io/s/github/tannerlinsley/react-table/tree/master/examples/sub-components?file=/src/App.js;main;playground
2751;https://codesandbox.io/s/affectionate-dewdney-xpnrc;main;playground
3329;https://codesandbox.io/s/github/tannerlinsley/react-table/tree/master/examples/pagination-controlled?from-embed=&file=/sandbox.config.json;main;playground
3329;https://codesandbox.io/s/determined-rain-vex87?file=/src/App.js;main;playground
2037;https://codesandbox.io/s/sleepy-microservice-nzf8p?file=/src/App.js;comment;playground
2962;https://codesandbox.io/s/github/tannerlinsley/react-table/tree/master/examples/sub-components?file=/src/App.js;main;playground
2962;https://codesandbox.io/s/github/tannerlinsley/react-table/tree/master/examples/sub-components-lazy;comment;playground
2619;https://codesandbox.io/s/gracious-water-9thfd?file=/src/App.js;main;playground
2625;https://codesandbox.io/s/dazzling-dubinsky-1uxrg?file=/src/App.js;main;playground
3063;https://codesandbox.io/s/clever-goldberg-u1h8g;main;playground
2433;https://codesandbox.io/s/example-react-table-column-hide-show-5v712?file=/src/App.js;main;playground
2426;https://codesandbox.io/s/gracious-mcnulty-03cdz?file=/src/App.js;main;playground
2181;https://codesandbox.io/s/react-table-imperative-ref-jsx0p?file=/src/App.js;comment;playground
2181;https://codesandbox.io/s/react-table-provider-8rfh3?file=/src/App.js;comment;playground
2181;https://codesandbox.io/s/react-table-render-header-q4vg8?file=/src/App.js;comment;playground
2803;https://codepen.io/martinsanne/pen/rzCDb;main;playground
2630;https://codesandbox.io/s/amazing-jackson-q5so6?file=/src/App.js;main;playground
2750;https://codesandbox.io/s/affectionate-dewdney-xpnrc;main;playground
3328;https://codesandbox.io/s/wizardly-cache-w39uh?file=/src/App.js;main;playground
2234;https://codesandbox.io/s/react-table-filter-outside-table-bor4f?file=/src/App.js;comment;playground
2208;https://codesandbox.io/s/react-table-selected-row-data-with-filters-e79c2;main;playground
3114;https://codesandbox.io/s/headerstyling-nus98;main;playground
3128;https://codesandbox.io/s/conditionallyrender-62vtq?;main;playground
2593;https://codesandbox.io/s/set-initial-page-number-in-react-table-jthci?file=/App.js;main;playground
3855;https://codesandbox.io/s/adoring-jones-42394z?file=/src/index.tsx;main;playground
2587;https://codesandbox.io/s/react-table-editable-example-cumyh?file=/src/App.js;main;playground
2587;https://codesandbox.io/s/react-table-editable-example-with-filter-my3p7?file=/src/App.js;comment;playground
2752;https://codesandbox.io/s/laughing-antonelli-yvsyl;comment;playground
2632;https://codesandbox.io/s/github/tannerlinsley/react-table/tree/master/examples/data-driven-classes-and-styles;comment;playground
2424;https://codesandbox.io/s/spring-cdn-d2yoq;main;playground
2425;https://codesandbox.io/s/cool-fermi-6jtgo?file=/src/Table.js;comment;playground
2196;https://codesandbox.io/s/react-table-global-fuzzy-text-search-2y55j2?file=/src/App.js;comment;playground
2155;https://codesandbox.io/s/naughty-pond-3e5jp;main;playground
2155;https://codesandbox.io/s/confident-wind-yi6th?file=/src/App.js;comment;playground
2155;https://codesandbox.io/s/unruffled-lalande-9l00qp?file=/src/App.js;comment;playground
1312;https://codesandbox.io/embed/2v4rln937r;main;playground
2753;https://codesandbox.io/s/github/tannerlinsley/react-table/tree/master/examples/sub-components-lazy?file=/src/makeData.js;main;playground
2753;https://codesandbox.io/s/github/tannerlinsley/react-table/tree/master/examples/sub-components-lazy?file=/src/makeData.js;main;playground
2009;https://codesandbox.io/s/relaxed-chebyshev-4r3up?file=/src/App.js;comment;playground
3667;https://codesandbox.io/s/inspiring-cloud-6j1e5?file=/src/App.js;main;playground
2233;https://codesandbox.io/s/modest-sanderson-z0keq?file=/src/App.tsx;main;playground
2233;https://codesandbox.io/s/dreamy-neumann-3ej9z?file=/src/App.js;comment;playground
2233;https://codesandbox.io/s/vigorous-wescoff-nup6e;comment;playground
2227;https://codesandbox.io/s/github/tannerlinsley/react-table/tree/master/examples/virtualized-rows;main;playground
2227;https://codesandbox.io/s/friendly-albattani-pkn22?file=/src/App.js;comment;playground
2958;https://codesandbox.io/s/react-table-combined-filters-issue-f9fdh;main;playground
2623;https://codesandbox.io/s/amazing-jackson-q5so6?file=/src/App.js;main;playground
2151;https://codesandbox.io/s/wizardly-platform-sthhq?file=/src/App.js;comment;playground
2151;https://codesandbox.io/s/tannerlinsleyreact-table-basic-5wpdk;comment;playground
2151;https://codesandbox.io/s/github/tannerlinsley/react-table/tree/master/examples/streaming-rows?file=/src/App.js;comment;playground
2347;https://codesandbox.io/s/zen-lederberg-9qny9;main;playground
2385;https://codesandbox.io/s/eloquent-ishizaka-56017;main;playground
2408;https://codesandbox.io/s/react-table-select-j9jvw?file=/src/index.js:3815-3996;main;playground
3070;https://codesandbox.io/s/github/tannerlinsley/react-table/tree/master/examples/column-hiding;main;playground
3528;https://codesandbox.io/s/github/tannerlinsley/react-table/tree/master/examples/row-selection;main;playground
2795;https://codesandbox.io/s/sad-leftpad-kil0i;main;playground
2742;https://codesandbox.io/s/github/tannerlinsley/react-table/tree/master/examples/kitchen-sink;main;playground
2742;https://codesandbox.io/s/github/tannerlinsley/react-table/tree/master/examples/kitchen-sink;main;playground
2756;https://codesandbox.io/s/billowing-cherry-yv559?file=/src/App.js;main;playground
2740;https://codesandbox.io/s/sharp-hooks-endc8?file=/src/App.js;main;playground
2768;https://codesandbox.io/s/globalfilter-with-controlled-pagination-c55e5?from-embed;main;playground
2783;https://codesandbox.io/s/react-table7-infinite-scroll-ogvqm;comment;playground
3258;https://codesandbox.io/s/interesting-resonance-nfyjs?file=/src/App.tsx;main;playground
2608;https://codesandbox.io/s/peaceful-allen-sn6os?file=/src/App.tsx;main;playground
2813;https://codesandbox.io/s/github/tannerlinsley/react-table/tree/master/examples/editable-data?file=/src/App.js:2540-2560;comment;playground
2350;https://codesandbox.io/s/react-table-checkbox-filter-0w74j;main;playground
3099;https://codesandbox.io/s/compassionate-chatelet-til68?file=/src/App.js:4798-5262;main;playground
2392;https://codesandbox.io/s/react-table-virtual-wg3ki;comment;playground
2812;https://codesandbox.io/s/simple-checkbox-filter-t8njz?file=/src/App.js;comment;playground
2190;https://codesandbox.io/s/github/tannerlinsley/react-table/tree/master/examples/full-width-resizable-table?file=/src/App.js:3093-3108;main;playground
2190;https://codesandbox.io/s/tender-poincare-ywogt?file=/src/App.js;main;playground
2796;https://codesandbox.io/s/vigilant-cherry-2ecwh?file=/src/App.js:1334-1647;main;playground
3463;https://codesandbox.io/s/github/tannerlinsley/react-table/tree/master/examples/kitchen-sink;main;playground
2033;https://codesandbox.io/s/react-table-server-side-sorting-example-kmv4xy?file=/src/App.js:0-2561;comment;playground
2741;https://codesandbox.io/s/manualpagination-bug-with-usegroupby-ph2jq?file=/src/App.js;main;playground
3852;https://codesandbox.io/s/naughty-oskar-6qo7ej?file=/src/App.js;main;playground
3852;https://codesandbox.io/s/tender-haslett-6n45fp?file=/src/App.js;comment;playground
3888;https://stackoverflow.com/questions/71616483/whats-the-right-approach-for-multi-level-lazy-loaded-data-for-react-table;main;stackoverflow
3068;https://stackoverflow.com/questions/55261226/selecting-multiple-rows-with-react-table-shift-click;main;stackoverflow
2399;https://stackoverflow.com/questions/62115344/react-table-usepagination-not-applying-pagination;main;stackoverflow
2563;https://stackoverflow.com/questions/61201030/react-table-lost-focus-on-filter;main;stackoverflow
3682;https://stackoverflow.com/questions/70911185/how-does-react-table-v7-7-9-work-in-typescript-with-global-filtering;comment;stackoverflow
2513;https://stackoverflow.com/questions/56752113/export-to-pdf-in-react-table;comment;stackoverflow
3625;https://stackoverflow.com/questions/70645557/how-to-position-all-elements-of-table-header-in-one-line-using-react-table?noredirect=1#comment124885410_70645557;main;stackoverflow
3543;https://stackoverflow.com/questions/60088576/how-to-do-default-sorting-in-react-table;comment;stackoverflow
2258;https://stackoverflow.com/questions/53605342/how-to-make-some-columns-align-left-and-some-column-align-center-in-react-table%60;comment;stackoverflow
2295;https://stackoverflow.com/questions/42630473/react-toggle-class-onclick;comment;stackoverflow
2290;https://stackoverflow.com/questions/58187252/react-table-custom-fitering-doesnt-work-with-multiselect-react-select;comment;stackoverflow
2722;https://stackoverflow.com/questions/69177371/react-table-disable-global-filter-for-one-column-but-add-another-filter-for-d;comment;stackoverflow
2778;https://stackoverflow.com/questions/63927644/how-does-one-supply-a-custom-sort-function-for-react-table-7;comment;stackoverflow
2778;https://stackoverflow.com/a/63927645/1990647;comment;stackoverflow
2791;https://stackoverflow.com/questions/52124326/typescript-3-property-is-missing-in-type;comment;stackoverflow
2154;https://stackoverflow.com/questions/48120858/access-filtered-data-in-reacttable;main;stackoverflow
2380;https://stackoverflow.com/questions/8423768/freeze-the-top-row-for-an-html-table-only-fixed-table-header-scrolling;comment;stackoverflow
3868;https://stackoverflow.com/questions/45802988/typescript-use-correct-version-of-settimeout-node-vs-window;comment;stackoverflow
2033;https://stackoverflow.com/questions/71945913/disable-default-pagination-in-react-table-without-affecting-the-default-sorting;comment;stackoverflow
3805;https://en.wikipedia.org/wiki/Assistive_technology;main;wikipedia
3039;https://www.youtube.com/watch?v=pyVPVcCEYOs&ab_channel=TannerLinsley;comment;video
